Workbook

Sheet Raw Data
A1: RAW DATA — COVID-19 Country-Wise Dataset
A2: S.No | B2: Country | C2: Continent | D2: Total Cases | E2: Total Deaths | F2: Total Recovered | G2: Date | H2: Population (M) | I2: Data Source
A3: 1 | B3: INDIA | C3: asia | D3: 44690000 | E3: 530779 | F3: 44100000 | G3: 01-Mar-2023 | H3: 1380 | I3: WHO
A4: 2 | B4: united states | C4: North America | D4: 103436829 | E4: 1123836 | F4: 101000000 | G4: 01-Mar-2023 | H4: 331 | I4: WHO
A5: 3 | B5: BRAZIL | C5: south america | D5: 37076053 | E5: 699276 | F5: 36200000 | G5: 01-Mar-2023 | H5: 214 | I5: WHO
A6: 4 | B6: france | C6: Europe | D6: 39856648 | E6: 163968 | F6: 39500000 | G6: 01-Mar-2023 | H6: 67 | I6: WHO
A7: 5 | B7: Germany | C7: Europe | D7: 38249060 | E7: 170435 | F7: 38000000 | G7: 01-Mar-2023 | H7: 83 | I7: WHO
A8: 6 | B8: RUSSIA | C8: Europe | D8: 22073615 | E8: 388478 | F8: 21500000 | G8: 01-Mar-2023 | H8: 144 | I8: WHO
A9: 7 | B9: south korea | C9: Asia | D9: 30620470 | E9: 34010 | F9: 30500000 | G9: 01-Mar-2023 | H9: 52 | I9: WHO
A10: 8 | B10: JAPAN | C10: Asia | D10: 33297103 | E10: 72934 | F10: 32900000 | G10: 01-Mar-2023 | H10: 126 | I10: WHO
A11: 9 | B11: italy | C11: europe | D11: 25627478 | E11: 190426 | F11: 25300000 | G11: 01-Mar-2023 | H11: 60 | I11: WHO
A12: 10 | B12: Australia | C12: Oceania | D12: 11317009 | E12: 19866 | F12: 11200000 | G12: 01-Mar-2023 | H12: 26 | I12: WHO
A13: TOTAL | B13: 10 Countries | C13: — | D13: =SUM(D3:D12) -> 386244265 | E13: =SUM(E3:E12) -> 3394008 | F13: =SUM(F3:F12) -> 380200000 | G13: — | H13: — | I13: —
A14: FORMULA USED: SUM — Adds up all values in a column. Used here for total cases, deaths and recovered across all countries.

Sheet Data Cleaning
A1: DATA CLEANING — Fixing Errors & Standardising the Raw Data
A2: Sheet Purpose: Clean data before analysis. Bad data = wrong results. We use TRIM, PROPER, IFERROR and IF here.
A4: SECTION A — Fixing Country Names & Continent Text (Functions: TRIM, PROPER)
A5: S.No | B5: Country (Raw) | C5: Clean Country (TRIM+PROPER) | D5: Continent (Raw) | E5: Clean Continent (PROPER) | F5: Check Equal? | G5: Status
A6: 1 | B6: ='Raw Data'!B3 -> INDIA | C6: =PROPER(TRIM('Raw Data'!B3)) -> India | D6: ='Raw Data'!C3 -> asia | E6: =PROPER(TRIM('Raw Data'!C3)) -> Asia | F6: =IF(C6=B6,"Same","Fixed!") -> Fixed! | G6: =IF(C6=PROPER(TRIM('Raw Data'!B3)),"✔ Clean","⚠ Check") -> ✔ Clean
A7: 2 | B7: ='Raw Data'!B4 -> united states | C7: =PROPER(TRIM('Raw Data'!B4)) -> United States | D7: ='Raw Data'!C4 -> North America | E7: =PROPER(TRIM('Raw Data'!C4)) -> North America | F7: =IF(C7=B7,"Same","Fixed!") -> Same | G7: =IF(C7=PROPER(TRIM('Raw Data'!B4)),"✔ Clean","⚠ Check") -> ✔ Clean
A8: 3 | B8: ='Raw Data'!B5 -> BRAZIL | C8: =PROPER(TRIM('Raw Data'!B5)) -> Brazil | D8: ='Raw Data'!C5 -> south america | E8: =PROPER(TRIM('Raw Data'!C5)) -> South America | F8: =IF(C8=B8,"Same","Fixed!") -> Fixed! | G8: =IF(C8=PROPER(TRIM('Raw Data'!B5)),"✔ Clean","⚠ Check") -> ✔ Clean
A9: 4 | B9: ='Raw Data'!B6 -> france | C9: =PROPER(TRIM('Raw Data'!B6)) -> France | D9: ='Raw Data'!C6 -> Europe | E9: =PROPER(TRIM('Raw Data'!C6)) -> Europe | F9: =IF(C9=B9,"Same","Fixed!") -> Same | G9: =IF(C9=PROPER(TRIM('Raw Data'!B6)),"✔ Clean","⚠ Check") -> ✔ Clean
A10: 5 | B10: ='Raw Data'!B7 -> Germany | C10: =PROPER(TRIM('Raw Data'!B7)) -> Germany | D10: ='Raw Data'!C7 -> Europe | E10: =PROPER(TRIM('Raw Data'!C7)) -> Europe | F10: =IF(C10=B10,"Same","Fixed!") -> Fixed! | G10: =IF(C10=PROPER(TRIM('Raw Data'!B7)),"✔ Clean","⚠ Check") -> ✔ Clean
A11: 6 | B11: ='Raw Data'!B8 -> RUSSIA | C11: =PROPER(TRIM('Raw Data'!B8)) -> Russia | D11: ='Raw Data'!C8 -> Europe | E11: =PROPER(TRIM('Raw Data'!C8)) -> Europe | F11: =IF(C11=B11,"Same","Fixed!") -> Same | G11: =IF(C11=PROPER(TRIM('Raw Data'!B8)),"✔ Clean","⚠ Check") -> ✔ Clean
A12: 7 | B12: ='Raw Data'!B9 -> south korea | C12: =PROPER(TRIM('Raw Data'!B9)) -> South Korea | D12: ='Raw Data'!C9 -> Asia | E12: =PROPER(TRIM('Raw Data'!C9)) -> Asia | F12: =IF(C12=B12,"Same","Fixed!") -> Same | G12: =IF(C12=PROPER(TRIM('Raw Data'!B9)),"✔ Clean","⚠ Check") -> ✔ Clean
A13: 8 | B13: ='Raw Data'!B10 -> JAPAN | C13: =PROPER(TRIM('Raw Data'!B10)) -> Japan | D13: ='Raw Data'!C10 -> Asia | E13: =PROPER(TRIM('Raw Data'!C10)) -> Asia | F13: =IF(C13=B13,"Same","Fixed!") -> Same | G13: =IF(C13=PROPER(TRIM('Raw Data'!B10)),"✔ Clean","⚠ Check") -> ✔ Clean
A14: 9 | B14: ='Raw Data'!B11 -> italy | C14: =PROPER(TRIM('Raw Data'!B11)) -> Italy | D14: ='Raw Data'!C11 -> europe | E14: =PROPER(TRIM('Raw Data'!C11)) -> Europe | F14: =IF(C14=B14,"Same","Fixed!") -> Fixed! | G14: =IF(C14=PROPER(TRIM('Raw Data'!B11)),"✔ Clean","⚠ Check") -> ✔ Clean
A15: 10 | B15: ='Raw Data'!B12 -> Australia | C15: =PROPER(TRIM('Raw Data'!B12)) -> Australia | D15: ='Raw Data'!C12 -> Oceania | E15: =PROPER(TRIM('Raw Data'!C12)) -> Oceania | F15: =IF(C15=B15,"Same","Fixed!") -> Same | G15: =IF(C15=PROPER(TRIM('Raw Data'!B12)),"✔ Clean","⚠ Check") -> ✔ Clean
A17: SECTION B — Handling Missing / Bad Values (Functions: IFERROR, IF)
A18: S.No | B18: Country | C18: Total Cases | D18: Total Deaths | E18: Total Recovered | F18: Cases (Safe) IFERROR | G18: Deaths (Safe) IFERROR | H18: Data OK? IF+AND | I18: Remark
A19: 1 | B19: =PROPER(TRIM('Raw Data'!B3)) -> India | C19: ='Raw Data'!D3 -> 44690000 | D19: ='Raw Data'!E3 -> 530779 | E19: ='Raw Data'!F3 -> 44100000 | F19: =IFERROR('Raw Data'!D3,0) -> 44690000 | G19: =IFERROR('Raw Data'!E3,0) -> 530779 | H19: =IF(AND('Raw Data'!D3>0,'Raw Data'!E3>0),"✔ Valid","⚠ Check") -> ✔ Valid | I19: =IF('Raw Data'!D3>1000000,"Large Dataset","Small Dataset") -> Large Dataset
A20: 2 | B20: =PROPER(TRIM('Raw Data'!B4)) -> United States | C20: ='Raw Data'!D4 -> 103436829 | D20: ='Raw Data'!E4 -> 1123836 | E20: ='Raw Data'!F4 -> 101000000 | F20: =IFERROR('Raw Data'!D4,0) -> 103436829 | G20: =IFERROR('Raw Data'!E4,0) -> 1123836 | H20: =IF(AND('Raw Data'!D4>0,'Raw Data'!E4>0),"✔ Valid","⚠ Check") -> ✔ Valid | I20: =IF('Raw Data'!D4>1000000,"Large Dataset","Small Dataset") -> Large Dataset
A21: 3 | B21: =PROPER(TRIM('Raw Data'!B5)) -> Brazil | C21: ='Raw Data'!D5 -> 37076053 | D21: ='Raw Data'!E5 -> 699276 | E21: ='Raw Data'!F5 -> 36200000 | F21: =IFERROR('Raw Data'!D5,0) -> 37076053 | G21: =IFERROR('Raw Data'!E5,0) -> 699276 | H21: =IF(AND('Raw Data'!D5>0,'Raw Data'!E5>0),"✔ Valid","⚠ Check") -> ✔ Valid | I21: =IF('Raw Data'!D5>1000000,"Large Dataset","Small Dataset") -> Large Dataset
A22: 4 | B22: =PROPER(TRIM('Raw Data'!B6)) -> France | C22: ='Raw Data'!D6 -> 39856648 | D22: ='Raw Data'!E6 -> 163968 | E22: ='Raw Data'!F6 -> 39500000 | F22: =IFERROR('Raw Data'!D6,0) -> 39856648 | G22: =IFERROR('Raw Data'!E6,0) -> 163968 | H22: =IF(AND('Raw Data'!D6>0,'Raw Data'!E6>0),"✔ Valid","⚠ Check") -> ✔ Valid | I22: =IF('Raw Data'!D6>1000000,"Large Dataset","Small Dataset") -> Large Dataset
A23: 5 | B23: =PROPER(TRIM('Raw Data'!B7)) -> Germany | C23: ='Raw Data'!D7 -> 38249060 | D23: ='Raw Data'!E7 -> 170435 | E23: ='Raw Data'!F7 -> 38000000 | F23: =IFERROR('Raw Data'!D7,0) -> 38249060 | G23: =IFERROR('Raw Data'!E7,0) -> 170435 | H23: =IF(AND('Raw Data'!D7>0,'Raw Data'!E7>0),"✔ Valid","⚠ Check") -> ✔ Valid | I23: =IF('Raw Data'!D7>1000000,"Large Dataset","Small Dataset") -> Large Dataset
A24: 6 | B24: =PROPER(TRIM('Raw Data'!B8)) -> Russia | C24: ='Raw Data'!D8 -> 22073615 | D24: ='Raw Data'!E8 -> 388478 | E24: ='Raw Data'!F8 -> 21500000 | F24: =IFERROR('Raw Data'!D8,0) -> 22073615 | G24: =IFERROR('Raw Data'!E8,0) -> 388478 | H24: =IF(AND('Raw Data'!D8>0,'Raw Data'!E8>0),"✔ Valid","⚠ Check") -> ✔ Valid | I24: =IF('Raw Data'!D8>1000000,"Large Dataset","Small Dataset") -> Large Dataset
A25: 7 | B25: =PROPER(TRIM('Raw Data'!B9)) -> South Korea | C25: ='Raw Data'!D9 -> 30620470 | D25: ='Raw Data'!E9 -> 34010 | E25: ='Raw Data'!F9 -> 30500000 | F25: =IFERROR('Raw Data'!D9,0) -> 30620470 | G25: =IFERROR('Raw Data'!E9,0) -> 34010 | H25: =IF(AND('Raw Data'!D9>0,'Raw Data'!E9>0),"✔ Valid","⚠ Check") -> ✔ Valid | I25: =IF('Raw Data'!D9>1000000,"Large Dataset","Small Dataset") -> Large Dataset
A26: 8 | B26: =PROPER(TRIM('Raw Data'!B10)) -> Japan | C26: ='Raw Data'!D10 -> 33297103 | D26: ='Raw Data'!E10 -> 72934 | E26: ='Raw Data'!F10 -> 32900000 | F26: =IFERROR('Raw Data'!D10,0) -> 33297103 | G26: =IFERROR('Raw Data'!E10,0) -> 72934 | H26: =IF(AND('Raw Data'!D10>0,'Raw Data'!E10>0),"✔ Valid","⚠ Check") -> ✔ Valid | I26: =IF('Raw Data'!D10>1000000,"Large Dataset","Small Dataset") -> Large Dataset
A27: 9 | B27: =PROPER(TRIM('Raw Data'!B11)) -> Italy | C27: ='Raw Data'!D11 -> 25627478 | D27: ='Raw Data'!E11 -> 190426 | E27: ='Raw Data'!F11 -> 25300000 | F27: =IFERROR('Raw Data'!D11,0) -> 25627478 | G27: =IFERROR('Raw Data'!E11,0) -> 190426 | H27: =IF(AND('Raw Data'!D11>0,'Raw Data'!E11>0),"✔ Valid","⚠ Check") -> ✔ Valid | I27: =IF('Raw Data'!D11>1000000,"Large Dataset","Small Dataset") -> Large Dataset
A28: 10 | B28: =PROPER(TRIM('Raw Data'!B12)) -> Australia | C28: ='Raw Data'!D12 -> 11317009 | D28: ='Raw Data'!E12 -> 19866 | E28: ='Raw Data'!F12 -> 11200000 | F28: =IFERROR('Raw Data'!D12,0) -> 11317009 | G28: =IFERROR('Raw Data'!E12,0) -> 19866 | H28: =IF(AND('Raw Data'!D12>0,'Raw Data'!E12>0),"✔ Valid","⚠ Check") -> ✔ Valid | I28: =IF('Raw Data'!D12>1000000,"Large Dataset","Small Dataset") -> Large Dataset
A30: TRIM: Removes extra spaces. Example: ' INDIA ' becomes 'INDIA'. Very common issue in real datasets.
A31: PROPER: Capitalises first letter. Example: 'south korea' becomes 'South Korea'.
A32: IFERROR: If a formula gives an error, show 0 instead of divide-by-zero error. Protects your spreadsheet.
A33: IF: Makes a decision. =IF(condition, value_if_true, value_if_false). Core of Excel logic.

Sheet Analysis
A1: ANALYSIS — Calculating Key COVID-19 Metrics Per Country
A2: Sheet Purpose: Use formulas to calculate Recovery Rate, Death Rate, Active Cases, and rank each country.
A3: S.No | B3: Country | C3: Total Cases | D3: Total Deaths | E3: Total Recovered | F3: Active Cases =Cases−Deaths−Recov | G3: Recovery Rate (%) | H3: Death Rate (%) | I3: Rank (by Cases) | J3: Status (IF) | K3: VLOOKUP Continent
A4: 1 | B4: =PROPER(TRIM('Raw Data'!B3)) -> India | C4: ='Raw Data'!D3 -> 44690000 | D4: ='Raw Data'!E3 -> 530779 | E4: ='Raw Data'!F3 -> 44100000 | F4: =IFERROR(C4-D4-E4,0) -> 59221 | G4: =IFERROR(E4/C4*100,0) -> 98.679794 | H4: =IFERROR(D4/C4*100,0) -> 1.1876908 | I4: =RANK(C4,C$4:C$13,0) -> 2 | J4: =IF(G4>=95,"Excellent",IF(G4>=85,"Good",IF(G4>=70,"Average","Poor"))) -> Excellent | K4: =IFERROR(VLOOKUP(PROPER(TRIM('Raw Data'!B3)),'Data Cleaning'!C19:E28,3,FALSE()),PROPER(TRIM('Raw Data'!C3))) -> Asia
A5: 2 | B5: =PROPER(TRIM('Raw Data'!B4)) -> United States | C5: ='Raw Data'!D4 -> 103436829 | D5: ='Raw Data'!E4 -> 1123836 | E5: ='Raw Data'!F4 -> 101000000 | F5: =IFERROR(C5-D5-E5,0) -> 1312993 | G5: =IFERROR(E5/C5*100,0) -> 97.644138 | H5: =IFERROR(D5/C5*100,0) -> 1.086495 | I5: =RANK(C5,C$4:C$13,0) -> 1 | J5: =IF(G5>=95,"Excellent",IF(G5>=85,"Good",IF(G5>=70,"Average","Poor"))) -> Excellent | K5: =IFERROR(VLOOKUP(PROPER(TRIM('Raw Data'!B4)),'Data Cleaning'!C19:E28,3,FALSE()),PROPER(TRIM('Raw Data'!C4))) -> North America
A6: 3 | B6: =PROPER(TRIM('Raw Data'!B5)) -> Brazil | C6: ='Raw Data'!D5 -> 37076053 | D6: ='Raw Data'!E5 -> 699276 | E6: ='Raw Data'!F5 -> 36200000 | F6: =IFERROR(C6-D6-E6,0) -> 176777 | G6: =IFERROR(E6/C6*100,0) -> 97.637146 | H6: =IFERROR(D6/C6*100,0) -> 1.8860584 | I6: =RANK(C6,C$4:C$13,0) -> 5 | J6: =IF(G6>=95,"Excellent",IF(G6>=85,"Good",IF(G6>=70,"Average","Poor"))) -> Excellent | K6: =IFERROR(VLOOKUP(PROPER(TRIM('Raw Data'!B5)),'Data Cleaning'!C19:E28,3,FALSE()),PROPER(TRIM('Raw Data'!C5))) -> South America
A7: 4 | B7: =PROPER(TRIM('Raw Data'!B6)) -> France | C7: ='Raw Data'!D6 -> 39856648 | D7: ='Raw Data'!E6 -> 163968 | E7: ='Raw Data'!F6 -> 39500000 | F7: =IFERROR(C7-D7-E7,0) -> 192680 | G7: =IFERROR(E7/C7*100,0) -> 99.105173 | H7: =IFERROR(D7/C7*100,0) -> 0.41139436 | I7: =RANK(C7,C$4:C$13,0) -> 3 | J7: =IF(G7>=95,"Excellent",IF(G7>=85,"Good",IF(G7>=70,"Average","Poor"))) -> Excellent | K7: =IFERROR(VLOOKUP(PROPER(TRIM('Raw Data'!B6)),'Data Cleaning'!C19:E28,3,FALSE()),PROPER(TRIM('Raw Data'!C6))) -> Europe
A8: 5 | B8: =PROPER(TRIM('Raw Data'!B7)) -> Germany | C8: ='Raw Data'!D7 -> 38249060 | D8: ='Raw Data'!E7 -> 170435 | E8: ='Raw Data'!F7 -> 38000000 | F8: =IFERROR(C8-D8-E8,0) -> 78625 | G8: =IFERROR(E8/C8*100,0) -> 99.348847 | H8: =IFERROR(D8/C8*100,0) -> 0.44559265 | I8: =RANK(C8,C$4:C$13,0) -> 4 | J8: =IF(G8>=95,"Excellent",IF(G8>=85,"Good",IF(G8>=70,"Average","Poor"))) -> Excellent | K8: =IFERROR(VLOOKUP(PROPER(TRIM('Raw Data'!B7)),'Data Cleaning'!C19:E28,3,FALSE()),PROPER(TRIM('Raw Data'!C7))) -> Europe
A9: 6 | B9: =PROPER(TRIM('Raw Data'!B8)) -> Russia | C9: ='Raw Data'!D8 -> 22073615 | D9: ='Raw Data'!E8 -> 388478 | E9: ='Raw Data'!F8 -> 21500000 | F9: =IFERROR(C9-D9-E9,0) -> 185137 | G9: =IFERROR(E9/C9*100,0) -> 97.401355 | H9: =IFERROR(D9/C9*100,0) -> 1.7599202 | I9: =RANK(C9,C$4:C$13,0) -> 9 | J9: =IF(G9>=95,"Excellent",IF(G9>=85,"Good",IF(G9>=70,"Average","Poor"))) -> Excellent | K9: =IFERROR(VLOOKUP(PROPER(TRIM('Raw Data'!B8)),'Data Cleaning'!C19:E28,3,FALSE()),PROPER(TRIM('Raw Data'!C8))) -> Europe
A10: 7 | B10: =PROPER(TRIM('Raw Data'!B9)) -> South Korea | C10: ='Raw Data'!D9 -> 30620470 | D10: ='Raw Data'!E9 -> 34010 | E10: ='Raw Data'!F9 -> 30500000 | F10: =IFERROR(C10-D10-E10,0) -> 86460 | G10: =IFERROR(E10/C10*100,0) -> 99.60657 | H10: =IFERROR(D10/C10*100,0) -> 0.11106949 | I10: =RANK(C10,C$4:C$13,0) -> 7 | J10: =IF(G10>=95,"Excellent",IF(G10>=85,"Good",IF(G10>=70,"Average","Poor"))) -> Excellent | K10: =IFERROR(VLOOKUP(PROPER(TRIM('Raw Data'!B9)),'Data Cleaning'!C19:E28,3,FALSE()),PROPER(TRIM('Raw Data'!C9))) -> Asia
A11: 8 | B11: =PROPER(TRIM('Raw Data'!B10)) -> Japan | C11: ='Raw Data'!D10 -> 33297103 | D11: ='Raw Data'!E10 -> 72934 | E11: ='Raw Data'!F10 -> 32900000 | F11: =IFERROR(C11-D11-E11,0) -> 324169 | G11: =IFERROR(E11/C11*100,0) -> 98.807395 | H11: =IFERROR(D11/C11*100,0) -> 0.21904008 | I11: =RANK(C11,C$4:C$13,0) -> 6 | J11: =IF(G11>=95,"Excellent",IF(G11>=85,"Good",IF(G11>=70,"Average","Poor"))) -> Excellent | K11: =IFERROR(VLOOKUP(PROPER(TRIM('Raw Data'!B10)),'Data Cleaning'!C19:E28,3,FALSE()),PROPER(TRIM('Raw Data'!C10))) -> Asia
A12: 9 | B12: =PROPER(TRIM('Raw Data'!B11)) -> Italy | C12: ='Raw Data'!D11 -> 25627478 | D12: ='Raw Data'!E11 -> 190426 | E12: ='Raw Data'!F11 -> 25300000 | F12: =IFERROR(C12-D12-E12,0) -> 137052 | G12: =IFERROR(E12/C12*100,0) -> 98.722161 | H12: =IFERROR(D12/C12*100,0) -> 0.743054 | I12: =RANK(C12,C$4:C$13,0) -> 8 | J12: =IF(G12>=95,"Excellent",IF(G12>=85,"Good",IF(G12>=70,"Average","Poor"))) -> Excellent | K12: =IFERROR(VLOOKUP(PROPER(TRIM('Raw Data'!B11)),'Data Cleaning'!C19:E28,3,FALSE()),PROPER(TRIM('Raw Data'!C11))) -> Europe
A13: 10 | B13: =PROPER(TRIM('Raw Data'!B12)) -> Australia | C13: ='Raw Data'!D12 -> 11317009 | D13: ='Raw Data'!E12 -> 19866 | E13: ='Raw Data'!F12 -> 11200000 | F13: =IFERROR(C13-D13-E13,0) -> 97143 | G13: =IFERROR(E13/C13*100,0) -> 98.966078 | H13: =IFERROR(D13/C13*100,0) -> 0.17554108 | I13: =RANK(C13,C$4:C$13,0) -> 10 | J13: =IF(G13>=95,"Excellent",IF(G13>=85,"Good",IF(G13>=70,"Average","Poor"))) -> Excellent | K13: =IFERROR(VLOOKUP(PROPER(TRIM('Raw Data'!B12)),'Data Cleaning'!C19:E28,3,FALSE()),PROPER(TRIM('Raw Data'!C12))) -> Oceania
A15: SUMMARY STATISTICS (SUM, AVERAGE, MAX, MIN, COUNT)
A16: Metric | B16: Total Cases | C16: Total Deaths | D16: Recovered | E16: Active Cases | F16: Avg Recovery% | G16: Avg Death% | H16: Notes
A17: SUM (Total) | B17: =SUM(C4:C13) -> 386244265 | C17: =SUM(D4:D13) -> 3394008 | D17: =SUM(E4:E13) -> 380200000 | E17: =SUM(F4:F13) -> 2650257 | F17: — | G17: — | H17: —
A18: AVERAGE | B18: =AVERAGE(C4:C13) -> 38624426 | C18: =AVERAGE(D4:D13) -> 339400.8 | D18: =AVERAGE(E4:E13) -> 38020000 | E18: =AVERAGE(F4:F13) -> 265025.7 | F18: =AVERAGE(G4:G13) -> 98.591866 | G18: =AVERAGE(H4:H13) -> 0.8025856 | H18: —
A19: MAX (Highest) | B19: =MAX(C4:C13) -> 103436829 | C19: =MAX(D4:D13) -> 1123836 | D19: =MAX(E4:E13) -> 101000000 | E19: =MAX(F4:F13) -> 1312993 | F19: =MAX(G4:G13) -> 99.60657 | G19: =MAX(H4:H13) -> 1.8860584 | H19: —
A20: MIN (Lowest) | B20: =MIN(C4:C13) -> 11317009 | C20: =MIN(D4:D13) -> 19866 | D20: =MIN(E4:E13) -> 11200000 | E20: =MIN(F4:F13) -> 59221 | F20: =MIN(G4:G13) -> 97.401355 | G20: =MIN(H4:H13) -> 0.11106949 | H20: —
A21: COUNT (Rows) | B21: =COUNT(C4:C13) -> 10 | C21: — | D21: — | E21: — | F21: — | G21: — | H21: —
A23: ACTIVE CASES = Total Cases − Total Deaths − Total Recovered. Shows how many people are still sick right now.
A24: RECOVERY RATE = (Recovered ÷ Cases) × 100. A higher % means the country handled the disease better.
A25: DEATH RATE = (Deaths ÷ Cases) × 100. Lower % is better. Helps compare healthcare quality across countries.
A26: RANK: Ranks each country by total cases. Rank 1 = highest cases. VLOOKUP looks up a value from another table/sheet.

Sheet Dashboard
A1: COVID-19 ANALYSIS DASHBOARD — Data Science Using Excel
A2: BCA Project | Subject: Data Science Using Excel | Source: WHO 2023
B4: 🌍 TOTAL CASES | E4: 💀 TOTAL DEATHS | H4: ✅ TOTAL RECOVERED
B5: =SUM(Analysis!C4:C13) -> 386244265 | E5: =SUM(Analysis!D4:D13) -> 3394008 | H5: =SUM(Analysis!E4:E13) -> 380200000
B8: 🟡 ACTIVE CASES | E8: 📈 AVG RECOVERY % | H8: 📉 AVG DEATH RATE%
B9: =SUM(Analysis!F4:F13) -> 2650257 | E9: =ROUND(AVERAGE(Analysis!G4:G13),2) -> 98.59 | H9: =ROUND(AVERAGE(Analysis!H4:H13),3) -> 0.803
B12: COUNTRY DATA (Auto-linked from Analysis Sheet)
B13: Country | C13: Total Cases | D13: Total Deaths | E13: Recovered | F13: Active Cases | G13: Recovery% | H13: Death% | I13: Rank | J13: Status
B14: =Analysis!B4 -> India | C14: =Analysis!C4 -> 44690000 | D14: =Analysis!D4 -> 530779 | E14: =Analysis!E4 -> 44100000 | F14: =Analysis!F4 -> 59221 | G14: =Analysis!G4 -> 98.679794 | H14: =Analysis!H4 -> 1.1876908 | I14: =Analysis!I4 -> 2 | J14: =Analysis!J4 -> Excellent
B15: =Analysis!B5 -> United States | C15: =Analysis!C5 -> 103436829 | D15: =Analysis!D5 -> 1123836 | E15: =Analysis!E5 -> 101000000 | F15: =Analysis!F5 -> 1312993 | G15: =Analysis!G5 -> 97.644138 | H15: =Analysis!H5 -> 1.086495 | I15: =Analysis!I5 -> 1 | J15: =Analysis!J5 -> Excellent
B16: =Analysis!B6 -> Brazil | C16: =Analysis!C6 -> 37076053 | D16: =Analysis!D6 -> 699276 | E16: =Analysis!E6 -> 36200000 | F16: =Analysis!F6 -> 176777 | G16: =Analysis!G6 -> 97.637146 | H16: =Analysis!H6 -> 1.8860584 | I16: =Analysis!I6 -> 5 | J16: =Analysis!J6 -> Excellent
B17: =Analysis!B7 -> France | C17: =Analysis!C7 -> 39856648 | D17: =Analysis!D7 -> 163968 | E17: =Analysis!E7 -> 39500000 | F17: =Analysis!F7 -> 192680 | G17: =Analysis!G7 -> 99.105173 | H17: =Analysis!H7 -> 0.41139436 | I17: =Analysis!I7 -> 3 | J17: =Analysis!J7 -> Excellent
B18: =Analysis!B8 -> Germany | C18: =Analysis!C8 -> 38249060 | D18: =Analysis!D8 -> 170435 | E18: =Analysis!E8 -> 38000000 | F18: =Analysis!F8 -> 78625 | G18: =Analysis!G8 -> 99.348847 | H18: =Analysis!H8 -> 0.44559265 | I18: =Analysis!I8 -> 4 | J18: =Analysis!J8 -> Excellent
B19: =Analysis!B9 -> Russia | C19: =Analysis!C9 -> 22073615 | D19: =Analysis!D9 -> 388478 | E19: =Analysis!E9 -> 21500000 | F19: =Analysis!F9 -> 185137 | G19: =Analysis!G9 -> 97.401355 | H19: =Analysis!H9 -> 1.7599202 | I19: =Analysis!I9 -> 9 | J19: =Analysis!J9 -> Excellent
B20: =Analysis!B10 -> South Korea | C20: =Analysis!C10 -> 30620470 | D20: =Analysis!D10 -> 34010 | E20: =Analysis!E10 -> 30500000 | F20: =Analysis!F10 -> 86460 | G20: =Analysis!G10 -> 99.60657 | H20: =Analysis!H10 -> 0.11106949 | I20: =Analysis!I10 -> 7 | J20: =Analysis!J10 -> Excellent
B21: =Analysis!B11 -> Japan | C21: =Analysis!C11 -> 33297103 | D21: =Analysis!D11 -> 72934 | E21: =Analysis!E11 -> 32900000 | F21: =Analysis!F11 -> 324169 | G21: =Analysis!G11 -> 98.807395 | H21: =Analysis!H11 -> 0.21904008 | I21: =Analysis!I11 -> 6 | J21: =Analysis!J11 -> Excellent
B22: =Analysis!B12 -> Italy | C22: =Analysis!C12 -> 25627478 | D22: =Analysis!D12 -> 190426 | E22: =Analysis!E12 -> 25300000 | F22: =Analysis!F12 -> 137052 | G22: =Analysis!G12 -> 98.722161 | H22: =Analysis!H12 -> 0.743054 | I22: =Analysis!I12 -> 8 | J22: =Analysis!J12 -> Excellent
B23: =Analysis!B13 -> Australia | C23: =Analysis!C13 -> 11317009 | D23: =Analysis!D13 -> 19866 | E23: =Analysis!E13 -> 11200000 | F23: =Analysis!F13 -> 97143 | G23: =Analysis!G13 -> 98.966078 | H23: =Analysis!H13 -> 0.17554108 | I23: =Analysis!I13 -> 10 | J23: =Analysis!J13 -> Excellent
B40: HOW TO READ THIS DASHBOARD
B41: 📊 Bar Chart (Column): Compares total cases for each country side by side. Taller bar = more cases.
B42: 📈 Line Chart: Shows Recovery Rate (%) for each country. A rising or high line = better recovery performance.
B43: 🥧 Pie Chart: Shows each country's share of total global cases. Bigger slice = larger portion of world cases.
B44: 📉 Horizontal Bar Chart: Death Rate comparison. Shorter bar = lower death rate = better healthcare outcome.
B45: 🎨 Conditional Formatting (green/yellow/red): Automatically colours cells — green = good recovery, red = high death rate.

Sheet Project Guide
A1: PROJECT GUIDE — How Each Formula Works
B2: S.No | C2: Formula / Feature | D2: What It Does | E2: Example
B3: 1 | C3: TRIM | D3: Removes extra spaces from text (before and after) | E3: TRIM formula: ' india ') → 'INDIA'. Say: 'I used TRIM to clean country names that had extra spaces in the raw data.'
B4: 2 | C4: PROPER | D4: Makes first letter capital, rest small | E4: ​PROPER('south korea') → 'South Korea'. Say: 'PROPER standardises text so all names look consistent.'
B5: 3 | C5: IF | D5: Makes a decision: if condition is true do X, else do Y | E5: IF formula: G4>=95,'excellent','good'). say: 'if checks the recovery rate and gives a label like excellent or poor.'
B6: 4 | C6: IFERROR | D6: If formula gives error, show 0 or a message instead | E6: IFERROR formula: E4/C4,0). say: 'if cases is 0, dividing causes an error. iferror handles it safely.'
B7: 5 | C7: SUM | D7: Adds all numbers in a range | E7: SUM formula: C4:C13) adds total cases of all 10 countries. say: 'sum gives us the overall global total.'
B8: 6 | C8: AVERAGE | D8: Finds the mean (middle) value of a range | E8: AVERAGE formula: G4:G13). say: 'average tells us the typical recovery rate across all countries.'
B9: 7 | C9: COUNT | D9: Counts how many cells have numbers | E9: COUNT formula: C4:C13) → 10. Say: 'COUNT tells us how many countries have valid case data.'
B10: 8 | C10: MAX | D10: Returns the largest value in a range | E10: MAX formula: C4:C13) → US cases. Say: 'MAX finds the country with the most COVID cases.'
B11: 9 | C11: MIN | D11: Returns the smallest value in a range | E11: MIN formula: H4:H13). say: 'min helps find the country with the lowest death rate — best performer.'
B12: 10 | C12: RANK | D12: Ranks a value compared to others (1 = highest) | E12: RANK formula: C4,C$4:C$13,0). say: 'rank assigns position 1 to the country with most cases, 10 to least.'
B13: 11 | C13: VLOOKUP | D13: Looks up a value in a table and returns a related value | E13: VLOOKUP formula: 'india', table, 3, FALSE()). say: 'vlookup lets me look up a country and get its continent automatically.'
... B20: 18 | C20: Pie Chart | D20: Shows each value as a slice of the whole circle | E20: Used for case share. Say: 'Pie chart shows US, India, Brazil hold the largest share of global cases.'
A22: PROJECT SUMMARY: This project has 4 working sheets: Raw Data → Data Cleaning → Analysis → Dashboard. It uses 18 Excel features
A23: WHAT IS DATA SCIENCE USING EXCEL? Data Science = Collecting data → Cleaning it → Analysing it → Visualising it → Drawing insights.
A24: WHY THIS PROJECT MATTERS: COVID-19 data is real-world data. Using Excel to analyse it shows how Data Science is applied to solve actual global problems.
